{
  "fill" : {
    "linear-gradient" : [
      "display-p3:0.58518,0.86712,0.00000,1.00000",
      "display-p3:0.93795,0.94385,0.25527,1.00000"
    ]
  },
  "groups" : [
    {
      "layers" : [
        {
          "fill" : "none",
          "glass" : true,
          "image-name" : "duck.png",
          "name" : "duck",
          "position" : {
            "scale" : 2,
            "translation-in-points" : [
              -148.4140625,
              178.90625
            ]
          }
        }
      ],
      "position" : {
        "scale" : 1,
        "translation-in-points" : [
          14.8203125,
          49.484375
        ]
      },
      "shadow" : {
        "kind" : "neutral",
        "opacity" : 0.5
      },
      "translucency" : {
        "enabled" : true,
        "value" : 0.5
      }
    }
  ],
  "supported-platforms" : {
    "squares" : [
      "macOS"
    ]
  }
}